<?xml version="1.0" encoding="UTF-8" standalone="yes"?>
<addon id="plugin.video.MACACOS.KING"
       name="[COLOR golden]MACACOS.KING ADDON[/COLOR]"
       version="0.0.4"
       provider-name="[COLOR golden]MACACOS ADDON[/COLOR]">
  <requires>
    <import addon="xbmc.python" version="2.1.0"/>
    <import addon="script.module.beautifulsoup" version="3.2.1"/>
    <import addon="script.module.simple.downloader" version="0.9.4"/>
    <import addon="script.module.beautifulsoup4" />
    <import addon="script.module.requests" />
    <import addon="script.module.httplib2" />
    <import addon="script.module.liveresolver" version="0.1.24" optional="true"/>
    <import addon="script.module.youtube.dl" optional="true"/>
    <import addon="plugin.video.youtube" optional="true" />
    <import addon="script.module.urlresolver" optional="true"/>
    <import addon="script.module.simplejson" />    
     <import addon="script.module.livestreamer" optional="true"/>
     <import addon="script.module.pyamf" optional="true"/>
  </requires>
  <extension point="xbmc.python.pluginsource" library="default.py">
    <provides>video</provides>
  </extension>


  <extension point="xbmc.addon.metadata">
    <summary>[COLOR golden][B]MACACOS.KING ADDON[/B][/COLOR]</summary>
    <description>
*****Bienvenidos a MACACOS.KING Addon ******
EL REY MACACOS TOMA MAS FUERZAS CADA VES 
PARA SALIR DE LAS SOMBRAS DE SU IMPERIO , Y ASI
LOGRAR CONQUISTAR NUEVOS HORIZONTES , PODRA EL 
REY MACACOS CONQUISTAR NUEVOS HOGARES Y CONVERTIRSE 
EN SU REY, EL PLANETA KODI Y SUS HABITANTES
 TIENEN LA ULTIMA PALABRA ..
************************************************
          
    </description>
    <platform>all</platform>
  </extension>
</addon>
