<title>*******************AQUI PONEN EL TITULO********************</title>
<link>$doregex[makelist]</link>
<regex>
  <name>makelist</name>
  <listrepeat><![CDATA[
        <title>[COLOR white]  [makelist.param3][/COLOR] </title>
        <link>$doregex[getUrl]</link>
		<thumbnail></thumbnail>
		<fanart></fanart>
        ]]></listrepeat>
<expres><![CDATA[href="\/.*,(.*?),list.*\n.*\n.*\n.*href="\/([^"]*)".*?>(.*?)<]]></expres>
<page>*****************************AQUI PONEN LA URL**************************</page>
<cookieJar></cookieJar>
</regex>
<regex>
<name>getUrl</name>
<expres>DownloadUrl":"([^"]+)<expres>
<page>http://diskokosmiko.mx/action/DownloadFile?location=fi&amp;f=[makelist.param1]</page>
<rawpost>fileId=[makelist.param1]&amp;__RequestVerificationToken=$doregex[tok]</rawpost>
<referer>http://diskokosmiko.mx/[makelist.param2]</referer>
<connection>keep-alive</connection>
<accept>*/*</accept>
<X-Req>XMLHttpRequest</X-Req>
<cookieJar></cookieJar>
</regex>
<regex>
<name>tok</name>
<expres>DownloadFile.*RequestVerificationToken.*?value="([^"]+)<expres>
<page>http://diskokosmiko.mx/[makelist.param2]</page>
<referer>http://diskokosmiko.mx/trivianita/peliculas-de-aventuras-el-rockero-30698/list,1,3</referer>
<connection>keep-alive</connection>
<cookieJar></cookieJar>
</regex>
<thumbnail></thumbnail>
<fanart></fanart>
</item>
<item>