<?xml version="1.0" encoding="UTF-8"?>
    <addon id="PERCYGUST" name="percygust repo" version="0.1.0" provider-name="percygust">
        <requires>
            <import addon="xbmc.addon" version="12.0.0"/>
        </requires>
        <extension point="xbmc.addon.repository" name="percygust repo">
            <info compressed="false">https://raw.githubusercontent.com/percygust/PERCYGUST/master/_repo/addons.xml</info>
            <checksum>https://raw.githubusercontent.com/percygust/PERCYGUST/master/_repo/addons.xml.md5</checksum>
            <datadir zip="true">https://raw.githubusercontent.com/percygust/PERCYGUST/master/_repo/</datadir>
            <hashes>false</hashes>
        </extension>
        <extension point="xbmc.addon.metadata">
            <summary>REPOSITORIO</summary>
            <description></description>
            <platform>all</platform>
    </extension>
</addon>